,grow_factor,timing,k,i
0,1.2,2.1234049797058105,10,1
1,1.2,2.0292181968688965,10,2
2,1.2,2.0220911502838135,10,3
3,1.2,2.2215471267700195,10,4
4,1.2,2.2516028881073,10,5
5,1.2,2.257080078125,10,6
6,1.2,2.3619840145111084,10,7
7,1.2,2.5104939937591553,10,8
8,1.2,2.4755148887634277,10,9
9,1.2,2.9070241451263428,10,10
