,grow_factor,timing,k,i
0,1.2,58.35471749305725,10,1
1,1.2,52.01901912689209,10,2
2,1.2,52.60773706436157,10,3
3,1.2,56.837377071380615,10,4
4,1.2,51.83466196060181,10,5
5,1.2,52.58622670173645,10,6
6,1.2,56.37160897254944,10,7
7,1.2,56.3875937461853,10,8
8,1.2,63.312811851501465,10,9
9,1.2,55.476840019226074,10,10
